cluster_0:Myh11,Tpm1,Actg2,Sorbs1,Dmd,Itga1,Acta2,Cald1,Vcl,Lpp,Itih5,Ppp1r12a,Flna,Mylk,Csrp1,Synpo2,Col25a1,Pgm5,Itga5,Pdlim3,Fhl1,Fn1,Enah,Filip1,Tagln,Chrm3,Slc24a3,Nrp2,Ryr3,Itgb1,Svil,Carmn,Kcnq5,Msrb3,Cacna1c,Myom1,Sntg2,Picalm,Cav1,Pygb,Cnn1,Tpm2,Tns1,Rbpms,Prkcb,Fermt2,Actn1,Slmap,Ppp1r12b,Rbfox3,Pfkp,Myl9,Pde4dip,Smtn,Sh3d19,Ccn1,Col4a1,Dtna,Atp2b4,Nipal4
cluster_1:Sgcz,Hpse2,Foxp2,Hmcn1,Il1rapl1,Sntg1,Ebf3,Dpp10,Fam155a,Grm7,Tmtc2,A830018L16Rik,Robo1,Aff3,Nlgn1,Slit2,Dcc,Adgrl3,Eya1,Eya4,Nkain3,Mir99ahg,Meis2,Col3a1,Fbn2,Nkain2,Mmp16,Sulf1,Inpp4b,Meg3,Adam12,Col12a1,Rian,Pde1a,Epha7,Col5a2,Dclk1,Plcb1,Prrx1,Pcdh11x,Prr16,Ldb2,Gpc3,Lrfn5,Mir100hg,Zfpm2,Ror1,Ptprd,Cdh11,Negr1,Kcnd2,Kcnb2,Tenm2,Pcdh9,Robo2,Hs3st4,Sema3a,Dlk1,Gulp1,Fap
cluster_2:Robo2,Dcc,Cntn4,Kcnd2,Grm7,Epha5,Gabrg3,Sgcd,Nrxn3,Lhfpl3,Adgrb3,Tafa2,Fam155a,Plcxd3,Xkr4,Epha7,Epha4,Il1rapl1,Dach2,Grin3a,Hmcn1,Kif26b,Sema5a,Fat3,Mir99ahg,Tafa1,Csmd3,Epha6,Grik2,Pcdh11x,Cdh11,Itga8,Vcan,Inpp4b,Hmga2,Bnc2,Ptchd4,Tshz2,Asxl3,Dpp10,Ptprd,Gpc6,Col23a1,Gria4,St6galnac3,Hdac9,Chsy3,Efna5,Nova1,Magi2,Cntn6,Klf12,Mir100hg,Kcnc2,Trps1,Rspo3,B3galt1,Ror1,Lrfn5,Npas3
cluster_3:Ankfn1,Trp63,Sh3gl2,Stard13,Gsdmc2,Mecom,Pparg,D730045B01Rik,Myof,2610035D17Rik,Ctnnd2,Atrn,Dock8,Rab27b,Gm13219,Psd3,Mipol1,Osbpl3,Crybg1,Atp8b1,Tmprss2,Gpr39,Nfe2l2,Gata3,Ikzf2,4930402H24Rik,Abcc4,Paqr5,9530036O11Rik,Bcar3,Spred2,Pard3,Nfat5,Cast,Agmo,Pkhd1,Tnfaip8,Mcu,Plpp3,Lncpint,Phactr2,Ube2h,Cers6,AC106834.1,Msi2,Ppp2r2b,Map3k5,Hpgd,Maml2,Plxdc2,Abcd3,Junos,Ano6,Gsdmc3,Rnf128,Acaa1b,Sptssb,Ppm1h,Ppara,Peak1
cluster_4:Gm20754,Kcnq5,Hpse2,Zfp804b,Hcn1,Myocd,Sdk1,Lrrc7,Cacna1c,Unc5c,Lsamp,Pcdh7,Ncam1,Kcnip4,Fbxl7,Trps1,Kcnb2,Pde5a,Prkg1,Macrod2,Synpo2,Prkce,Meis2,B3galt1,Esyt2,Fat3,Galnt17,Foxp2,Diaph3,Ghr,Plcb1,Pdzrn3,Pbx3,Stac,Filip1,Bnc2,Ryr3,Ryr2,Cenpp,Klhl29,Slc24a3,Zfpm2,Auts2,Gli3,Syne1,Cald1,Nhs,Dlk1,Ptn,Pard3b,Lama4,Gpc6,Chn2,Col1a1,Top2a,Alcam,Nfib,Tmtc2,Anln,Sgcz
cluster_5:Fmo5,Sh3gl2,Ankfn1,Atrn,Pparg,Myof,Upk1b,Mecom,Ctnnd2,Gstm1,Ppm1h,Htr4,Rab27b,Ralgapa2,Dock8,Nhsl1,Pkhd1,Pla2r1,Lncpint,Adipor2,Sytl2,Ikzf2,Gpr39,Msi2,Fry,Naaladl2,Sptssb,Tmprss2,St8sia6,Sidt1,Ptpn13,Paqr5,Osbpl3,Hacd2,Snx31,Trp63,Gata3,Tc2n,Prkn,Foxq1,2610035D17Rik,Ppfibp2,4930402H24Rik,Mcu,9530036O11Rik,Parm1,Rnf128,Phlpp1,Ermp1,Cers6,Hes1,Atp8b1,Gsta4,Plce1,Atp10b,Acer2,Junos,Crybg1,Akr1b3,Sgpl1
cluster_6:Slit2,Unc5c,Nrxn3,Zfp536,Sgcz,Kcnb2,Gpc6,Sox5,Mir99ahg,Dcc,Ptch1,Tenm3,Chsy3,Negr1,Kif26b,Epha3,Nav3,Epha7,Lrfn5,Cacnb2,Zeb2,Arhgap28,Inpp4b,Col3a1,Sorcs1,Sncaip,Sulf1,Bmp5,Fat4,Frem1,Klf12,Dach1,Cdh11,Cntn4,Pcdh11x,Flrt2,Robo2,Itga4,Robo1,Vcan,Efna5,Tshz3,Adgrl3,Pcdh9,Col23a1,Unc13c,Sgip1,Rtl4,Npas3,Sema5a,Eya4,Fendrr,Gria4,Prdm6,Pdgfra,Gulp1,Mir100hg,Col14a1,Plcb1,Sema3a
cluster_7:Cpa6,Grip1,Dach2,Nkain2,Mid1,Fras1,Sema3c,Maml3,Arhgap24,Fut9,Mpp7,Rapgef5,Cpne8,Ikzf2,Bcl2,Ptpn13,Alcam,Fgfr2,Robo1,Slc35f1,Tec,Efnb2,Mllt3,Col4a6,Etl4,Upk1b,Igfbp5,Adamts17,Col4a5,Anxa1,Rad51b,Sox6,Mir205hg,Znrf3,Gm49890,Gm13219,Rnf43,Esrp1,Igf2bp3,Crybg1,Rbbp8,Trim2,Ttc6,Rnf32,Nr6a1,Adgrg6,Ctnnd2,Pkp4,Mecom,H3f3b,Frmd5,Nhsl1,Pard3,Ptprf,Cdk14,Ptprk,Nckap5,Ptprd,Eda,Smoc2
cluster_8:Kcnd2,Pcdh9,Fam155a,Epha3,Nlgn1,Aff3,Rspo3,Adamts19,Tafa1,Calcrl,Fat3,Fam189a1,Lama2,Sema5a,Gria4,Robo2,Opcml,Zfp385b,Pcsk5,Grm7,Hmcn1,Pdgfd,Cped1,A830012C17Rik,Tmtc1,Dnm3os,Atp8a2,Tshz2,Clstn2,Dach2,Ptch1,Ednra,Tafa2,Mir100hg,Col23a1,Dclk1,Mir99ahg,Zbtb20,Ptn,Vcan,Dclk2,Col5a2,Sncaip,Isl1,Hhip,Adamts9,Smoc2,Col24a1,Cacna1d,Matn2,Ar,Fbn2,Cadps,Cdh11,Bnc2,Abi3bp,Robo1,Setbp1,Lsamp,Eya4
cluster_9:5430419D17Rik,Bmpr1b,Slc12a2,Adarb2,Tcaf3,Piezo2,Erbb4,Nrg1,Pbsn,Trpm3,Prlr,Esrrg,Mme,Limch1,Defb50,Pde4d,Ncoa4,Rnf180,Ezr,Cadps2,Mgat4c,Chka,Cdk19,5330417C22Rik,Nr3c2,Iqgap2,Shroom3,Dach1,Galnt18,Alcam,Atp6v1c2,Kcnma1,Pdgfd,Gramd3,Tmem45a,Pid1,6530403H02Rik,Ar,Dnajc10,Defb1,Depdc5,Camk1d,Sel1l3,Anxa4,Mid1,Prkca,Stat5a,Maml3,Epb41,Ttc6,Ptprt,Mcc,Memo1,Cobll1,Casz1,Coro2a,Abhd12,Zbtb16,Exoc4,Ivns1abp
cluster_10:Myh11,Tpm1,Actg2,Sorbs1,Dmd,Lpp,Acta2,Itga1,Cald1,Ppp1r12a,Vcl,Itih5,Synpo2,Pdlim3,Flna,Mylk,Pgm5,Fn1,Col25a1,Csrp1,Itgb1,Enah,Itga5,Svil,Slc24a3,Picalm,Tagln,Msrb3,Cacna1c,Fhl1,Rbpms,Chrm3,Filip1,Ryr3,Nrp2,Slc8a1,Kcnq5,Carmn,Pcdh7,Sh3d19,Slmap,Ppp1r12b,Myom1,Tns1,Col4a1,Tpm2,Sntg2,Fermt2,Cav1,Rock2,Col3a1,Pygb,Plcb4,Actn1,Col12a1,Pard3b,Col1a2,Malat1,Esyt2,Adamts6
cluster_11:Fras1,Gsdmc2,Anxa3,Cast,Ppp2r2b,Sema3e,Adgrg6,Gsdmc3,Fstl4,Upk1b,Cdh13,Clca3a1,Pla2g4a,Col4a6,9530036O11Rik,Crybg1,Col4a5,Mcu,Myof,Wls,Plxdc2,Ccnd2,Cers3,Tjp2,Ikzf2,Psd3,App,Maml2,Dscaml1,Gclc,Map3k5,Rras2,2610035D17Rik,Lama5,Id1,Pard3,Wfdc2,Kitl,Arap2,Ly6d,Itgb4,Clca3a2,Anxa2,Cers6,Ano1,Galnt3,Mctp2,Ttc6,Pdlim1,Ctdspl,Fam49b,Cdk6,Slk,Phf20l1,Vmp1,Erbin,March3,Peli1,Abi1,Diaph3
cluster_12:Cntn5,Rbfox1,Nrxn1,Cntnap2,Ctnna2,Eml5,Ank2,Dlg2,Fgf13,Zfp804a,Gm26871,Elavl2,Syt1,Fgf14,Hand2os1,Sema6d,Plxna4,Nrg3,Cadm1,Tafa2,Ebf1,Astn2,Erc2,Spock3,Lsamp,Lingo2,Cadps,Ncam2,Ptprt,Ccser1,Rims2,Pcbp3,Eya1,C130073E24Rik,Xkr4,Nyap2,Nek1,Mapk10,Tenm2,Tmeff2,Rgs7,Lrp1b,Snap25,Tnr,Ntrk3,Nrxn3,Ppfia2,Elavl4,Dlgap1,Hs3st5,Nnat,Map2,Dgkb,Slit3,9530059O14Rik,Epha5,Gria4,B3galt1,Cnksr2,Gramd1b
cluster_13:Ptprm,Flt1,Prex2,Ptprb,Tcf4,Elmo1,Emcn,Dock4,Cyyr1,Fli1,Pcdh17,Pecam1,Ldb2,Rapgef5,Ptprg,Zfp521,Tek,Adgrl4,Egfl7,C430049B03Rik,Calcrl,Arhgap18,Prkch,Thsd7a,Apbb2,Arhgap31,Mef2c,Adamts9,Ebf1,St6galnac3,Adgrf5,Nav3,Ablim1,Arhgap29,Nrp1,Ldlrad4,Kdr,Plekhg1,Hbb-bs,Dnm3,Cdh13,Elk3,Rasal2,Klhl4,Rasgrp3,Sema6a,Shroom2,Cdh5,Ccdc85a,Sptbn1,Tjp1,Csgalnact1,Limch1,Kitl,Mest,Shank3,Eng,Tspan18,Vegfc,Eln
cluster_14:Lama2,Eln,Zfpm2,Fbn1,Prex2,Col3a1,Nkain3,Bicc1,Pde3a,Col1a2,Svep1,Col12a1,Epha3,Col14a1,Fbn2,Col1a1,Dlc1,Pid1,Aspn,Adamtsl3,Enox1,Sparc,Cd55,Celf2,Dennd4a,Col5a2,Ebf1,Heg1,Peg3,Dnm3os,Sema3d,Sptbn1,Plagl1,Gulp1,Kcnn3,Dcn,Abca8a,Vcan,Meg3,Col24a1,Lhfp,Flt1,Sox5,Dock10,Plod2,Rbms3,Zfp385b,Adam12,Gucy1a1,Tenm4,Thbs2,Mgp,Piezo2,Adamts9,Adamts2,Cdh11,Thbs1,Grb10,Gnas,Gab2
cluster_15:Glis3,Gm43305,Pate4,Ppp2r2b,Gm27187,Svs4,Pik3ap1,Ell2,Rmst,Arhgef38,Prlr,Tanc2,Lmo3,Chrm3,Pak3,Col26a1,Fut8,Gpcpd1,Mast2,Samd12,Clu,Atp8a1,Frmpd4,Shroom3,Phactr1,Dpp4,Mecom,Sh3rf1,Limch1,Zfhx3,Prr16,Ptprj,Ar,Elf5,Pde7b,Ehf,Fhit,Sgk1,Neb,Myo1d,Pate6,Bmpr1b,Cadps2,Slc41a2,Kcnq1,Vps41,Coro2a,Adgrg6,Myo3b,Itpr2,Satb1,Clint1,Eya2,Frk,Ica1,Ern1,Prom1,Slc39a8,Fam129a,Itpr1
cluster_16:Slc35f1,Grid2,Csmd1,Nkain2,Cdh19,Opcml,Mdga2,Il1rapl1,Fign,Ptprz1,Zeb2,Lama2,Stard13,Adgrb3,Luzp2,Dst,Kcnh8,Cdh2,Qk,Grik2,Pde7b,Zfp536,Sox5,Sorcs1,Scn7a,Mef2c,Ednrb,Thsd7a,Sntb1,Cdh10,Lama4,Ndst3,Tnc,Cadm2,Abca8a,Kcnt2,Zswim6,Adam23,Gfra1,Ldb2,Gulp1,Tenm3,Chl1,Sox10,Cadm1,Cdh6,Ptprm,Pcdh9,Dock11,Spon1,Postn,Plce1,Ncam1,Ptprj,Stk32a,Adgrg6,Sox2ot,Crppa,Vcan,Fgf13
cluster_17:Esr1,Adamts19,Csmd1,Adgrb3,Npas3,Cdh11,B3galt1,Dkk2,Syt1,Epha5,Ar,Creb5,Tmem132c,Matn2,Pex5l,Xist,Pld5,Robo2,Enpp2,Tsix,Gabrb1,Ednra,Nova1,Ldb2,C1qtnf7,Dpp10,Dnm3os,Trpc6,Prrx1,Wt1,Ptchd4,Col6a6,Prom1,Kcnip1,Apcdd1,Nlgn1,Bnc2,Mir100hg,Clstn2,Rtl4,Igf1,Prkg1,Hs6st3,Fbxl7,Col1a2,Abi3bp,Fbn2,Col23a1,Epha7,Cttnbp2,Vcan,Sncaip,Kif26b,Sema5a,Chsy3,Atrnl1,Plcb1,Pten,Tcf4,Sema3a
cluster_18:Mrc1,F13a1,Slc9a9,Dab2,Mctp1,Apoe,Rbpj,Arhgap15,Hdac9,Zeb2,Maf,Mef2c,Stab1,Lyn,Cfh,Dock2,Ifi207,Ptprc,Snx2,Wwp1,Elmo1,Vav3,Fyb,Aoah,Frmd4b,Myo5a,Inpp5d,Lgmn,Lrmda,Adgre1,Mbnl1,Ptprj,Pip4k2a,Skap2,Ms4a4a,Ophn1,Runx1,Dock10,Cltc,Dleu2,Fli1,Serinc3,Cd163,Ap2a2,Ctsc,Mtss1,Abca1,Ctsb,Gm26740,Msr1,Cd84,Ikzf1,Wdfy2,Mertk,Zswim6,Snx24,Rreb1,Gab2,Psd3,Osbpl9
cluster_19:Rmst,Kcnh7,Frmpd4,Gpc5,Plcl1,Fras1,Grip1,Sorbs2,Fgf12,Etl4,Dcdc2a,Chst11,Tbx3os1,Pkhd1,Glis3,Fgfr2,Ap1s3,Tox,Nkain2,Sema3c,Pde7b,Ptprj,Bmpr1b,Prdm16,Rnf43,Pax2,Sox6,Frk,Frmd5,Slc35f1,Hoxb3,Col18a1,Plch1,9230110F11Rik,Arhgef38,Hoxd3,Nox4,Phactr2,Grik1,Ptbp3,Bicc1,Mllt3,Kcnc2,Phactr1,Sema3d,Rab11fip2,Ivns1abp,Epb41l5,Pde1a,Lrba,Syne2,Dach1,Znrf3,2610307P16Rik,Nfat5,Gabrg3,Tut4,Magi1,Kansl1l,Ptprd
cluster_20:Slc14a2,Lrba,Col4a3,Col4a4,Ranbp3l,Akr1b3,Agmo,Cobll1,Abcc4,Tfdp2,Neat1,Dnm3,Arl15,Hspa4l,Apbb2,Mier3,Galm,Hnrnpr,Lmo7,Col4a5,Slc5a3,Mrps6,Fut9,4932438A13Rik,Me1,Tmcc3,Pax2,Nbeal1,Pax8,Lncpint,Utrn,Sim1,Tns3,Gramd1b,Uvrag,Shroom3,Fam49b,Pde1c,Pcx,Cgnl1,Gls,Ptprj,Nek10,Samd12,Syne2,Slc12a2,Dtnb,Itpr2,Egfr,Cpne8,Btbd3,Ptp4a2,Mon2,Med12l,Tiam1,Malat1,Pik3c2a,Kank1,Ppip5k2,Arhgef3
cluster_21:Rmst,Dach2,Runx1,Unc5d,Mecom,Hmga2,Esr1,Il1rapl2,Chst9,Lypd6b,Kctd1,Wfdc2,Runx2,Grik4,Agbl4,Caln1,Fgf9,Npnt,Pax8,Plch1,Ubash3b,Cdkl1,Arnt2,Slc25a13,Kcnc2,Xist,Ltbp1,Etl4,Tsix,Mid1,Ppp2r2b,Erbb4,Sema6a,Glis3,Fras1,Sdk1,Adgrl3,Cdon,Dach1,Cux1,Grip1,Cadm1,5730522E02Rik,Nfat5,Negr1,Zfp385b,Cdk14,Ptbp3,Rad51b,Cdh2,Fmnl2,Mir100hg,2610307P16Rik,Robo1,Znrf3,Ptprk,Nhs,Sox5,Meis1,Rps6ka3
cluster_22:Lsamp,Cacna2d3,Rbm24,Dpp6,Cacnb2,Prkg1,Enpp2,Tbx18,Kcnip1,Myom1,Fgf7,Mylk,Nt5e,Abcc9,Dmd,Ppp1r12a,Stac,Itga1,Synpo2,Cap2,Carmn,Pde5a,Fbxl7,Dgki,Phactr1,Rgs6,Kcnma1,Myocd,Slc24a3,Mrvi1,Rbpms,Sulf1,Unc5c,Sparcl1,Ncald,Slc8a1,Gm31243,Itga9,Akap6,Galnt17,Pard3b,Pdgfd,Cpeb3,Trps1,Mmp16,Fnbp1,Klf12,Ppp1r12b,Entpd1,Kcnip4,Ppm1e,Nexn,Gm20754,Adamtsl1,Ints6l,Atp2a2,Plcl1,Ltbp1,Ppp3ca,Hdac9
cluster_23:Gmds,Slc12a2,Grip1,Erbb4,Itprid1,Esrrg,Fut9,Naip5,Fstl4,Barx2,Chst9,Trim2,9530026P05Rik,Gsdmc3,Prr16,Runx1,Nr3c2,Tfcp2l1,Cadps2,Ehf,Wwc1,Acss1,Cyp2f2,Kctd1,Mecom,Runx2,Slc39a8,Shank2,Apobec3,Anxa1,Ppargc1a,Epb41l4b,Atp1b1,Tc2n,Gsdmc2,Naip6,Vtcn1,Tspan8,Ceacam1,Plch1,2700054A10Rik,Lncpint,Ccnd3,March3,Ralgapa2,Nbea,Alcam,Limk2,Crybg1,Eps8,Naaladl2,Myo1d,Mpp7,Cdk19,Acer3,Mcc,Slc4a7,Sh3rf1,Ank3,Sntg1
cluster_24:Esr1,Ppp2r2b,Mecom,Chst9,Runx1,Fut9,Sgms2,Eya2,Nrip1,Padi1,Kctd1,Rmst,Abcc4,Erbb4,Itprid1,Hmga2,Fmo2,Itpr2,Car12,Mob3b,Junos,4833423E24Rik,Slc14a1,Ehf,Wfdc2,Samd12,Pax2,Pgr,Hmgcll1,Ablim1,Slc7a11,Morrbid,Atp11a,Frmd4b,Pla2g4a,Mid1,Slc12a2,Phactr2,Rttn,Dach1,Arhgap42,Naaladl2,Gmds,Rps6ka3,Sel1l,Grip1,Cdh13,Meis2,Dpyd,Cnksr2,Sgms1,Stxbp6,Thsd4,Alcam,Galnt7,Pdxdc1,Rnf128,Sdk1,Ghr,Esrrg
cluster_25:Ebf1,Prkg1,Ctnna3,Dgkb,Gpc6,Pde3a,Dlc1,Kcnab1,Olfr78,Lhfp,Gucy1a2,Zeb2,Plcl1,Itga4,Sox5,Slc7a2,Gucy1a1,Morrbid,Pdgfrb,Rerg,Notch3,Flt1,Jag1,Pde1a,Adamts12,Frmd4a,Mef2c,Slit3,Abcc9,Ryr2,Col4a1,Eln,Itga1,Adarb1,Cdh2,Sparc,Cdk14,Pakap.1,Peak1,Sept7,Fbn2,Gpc4,Col3a1,Fn1,Pdlim5,Epha3,Col1a2,Limch1,Ltbp1,Nckap5,Adam12,Ntrk3,Grb10,Zfpm2,Ext1,Col12a1,Gnas,Crim1,Cpa6,Unc5c
cluster_26:Ttn,Dlg2,Neb,Rian,Erbb4,Mybpc1,Myl1,Nav3,Gm28653,Megf10,Lama2,Tcf4,Eya4,Hs6st2,Arpp21,Clcn5,Ncoa1,Dlk1,Tbx15,Nrk,Mirg,Myh3,Rbm20,Peg3,Actn2,Fgfr4,Ccdc141,Ryr1,Pkia,Itm2a,B830012L14Rik,Meg3,Sntb1,Sema6a,Celf2,Ptprd,Slf2,Bmpr1b,Inpp4b,C430049B03Rik,Fgf13,Myo16,Grip1,Mef2c,Pde4b,Grb10,Zeb1,Gnas,Pdgfc,Sox6,Akap6,Kcnq1ot1,Map4,Myom1,Dclk1,Nnat,Cacna2d1,Prkg1,Palld,Dmd
cluster_27:Lama2,Dcn,Abi3bp,9530026P05Rik,Fmo2,Abca8a,Tnxb,Ebf1,Pid1,Mill2,Bicc1,Plscr4,Cped1,Cfh,Ank2,Zbtb20,Efemp1,Negr1,Adamtsl1,C1qtnf7,Col3a1,Matn2,Heg1,Acss3,Plpp3,Gulp1,Eln,Col14a1,Ar,Gsn,Tgfbr3,Svep1,Enpp2,Col5a2,Colec12,Col1a2,Zbtb16,Mir99ahg,Esr1,Lrmda,Prex2,Arhgap6,Sptbn1,Vav3,Igf1,Tmtc1,Kcnt2,Rora,Angpt1,Adamts12,Nlgn1,Cdh13,Man1a,Magi2,Dpyd,Epha3,Hs6st3,Col4a6,Rad51b,Plxdc2
cluster_28:Cp,Apobec3,Fmo2,Ptpn14,Trp63,Adarb2,Cdh13,Ccdc3,Trpm3,Camk4,Kank4,Megf11,Sh3rf2,Gm13219,Ston2,Blnk,Slco2a1,Vav3,9530026P05Rik,Arhgap24,Frmd4b,Car8,Kitl,Sox6,Itgb4,Zfp804b,Mir205hg,Pard3,Cpa6,Tgfbr3,Sik1,Aldh1a1,Lama3,Egfr,Itga6,March3,Cpne8,Crybg1,Dpyd,Bcl11a,Dst,Il1rap,Ar,Mid1,Erbb4,Sned1,Rbms3,Kif13a,Galnt18,Ctdspl,Cpd,Smarca2,Sh3rf1,Arhgef3,Mcc,Rbbp8,Npas3,Adamts9,Cacna2d1,Filip1l
cluster_29:Gm7714,2310057J18Rik,Gm20275,Esrrg,Erbb4,Esp8,Odam,Rbm47,Pip,5330417C22Rik,Cpd,Bach2,Ncald,Clec2d,Elmo1,Neat1,Dpyd,Oit1,Furin,Cracr2a,Thrb,Slc12a2,Sntb1,Pde4b,Chpt1,Gfpt1,Barx2,Shroom3,Gm10863,Arfgef3,Arhgap29,Oxr1,Ica1,Chrm3,Sidt1,B4galnt2,Smim14,Cd44,Gne,Limch1,Dgkg,Cadps2,Galnt3,Tc2n,Cpeb3,Ell2,Deptor,Gmds,Arhgef28,Ccnd3,Ralgapa2,Pde4d,Kcnma1,Pik3r1,Fbxw7,Gm42418,Naaladl2,Man2a1,Zfr,Slc4a7
cluster_30:Hcn1,Rgs6,Tex15,Adgrd1,Art3,Dgki,Lmcd1,Akap6,Dock3,Trdn,Fbxo32,Myom1,Cap2,Dtna,Entpd1,Dmd,Adam33,Sntg2,Otogl,Rgs2,Mylk,Zbtb16,Des,Rbfox3,Sparcl1,Pde5a,Cacna2d3,Myh11,Atp2b4,Col25a1,Carmn,Kcnn2,Myocd,Cacnb2,Itprid2,Chrm3,Ryr3,Pdlim3,Stac,Filip1,Tns1,Ppp1r12a,Fam129a,Mrvi1,Rbpms,Pgm5,Cacna1c,Peli2,Fnbp1,Ptprm,Svil,Arhgap6,Kcnq5,Plcb4,Sema3a,Plcl1,Aff2,Pdzrn3,Dlg2,Lsamp
cluster_31:Frmpd4,Rmst,Cp,Clca3a2,Slc25a21,Camk4,Chst9,Slco2a1,Edaradd,9530026P05Rik,Fam13a,Trp63,Prdm16,Emb,Eya2,Blnk,Apobec3,Ptpn14,Ston2,Sh3rf2,Nebl,Clca3a1,Clmn,Fgf12,Aldh1a1,Cadps2,Ctnnd2,Crybg1,Cdcp1,Atp8a1,Grik4,Tbx3os1,Arhgap24,Npas3,Gm13219,Sh3rf1,Naaladl2,Tgfbr3,Ehf,Vav3,Fhod3,Sik1,Rffl,Dpyd,Nfkb1,Zbtb16,Abr,Egfr,Fgfr2,Cdon,Rbms3,App,Ar,Cachd1,Phactr2,Frk,Satb1,Bach2,Nav2,St5
cluster_32:Cenpf,Cenpe,Pitx2,Sec23a,Hist1h2bc,Ghr,Prrc1,Gata6,Hmgcr,Pank3,Xpo1,Ttn,Agbl1,Trdn,Neb,Mlip,Mybpc1,Fgf13,Myh8,Atp2a1,Myh4,Ryr1,Tbx15,Myh1,Nctc1,Cmya5,Egf,Ldb3,Slc8a3,Rbfox1,Obscn,Mylk4,Car3,Ky,Myl1,Mypn,Xirp2,Ppp1r3a,Arpp21,Mlf1,Gm26740,Atp1a2,Myot,Dpf3,Tnnt3,Cacna1a,Hs3st5,Ctnna3,Mef2c,Limch1,Akap6,Jph1,Cdh13,Adcy2,Sox6,Pde4dip,Dtna,Neat1,Filip1l,Nr3c2
cluster_33:Myom1,Map4,Dmd,Acyp2,Prune2,Stim1,Sgcd,Erbb4,Pde4b,Rps6ka5,Palld,Ranbp3l,2310057J18Rik,Pip,Sim1,Gm7714,Nek10,Slc14a2,Pax8,Prol1,Galm,Col4a3,Pax2,Col4a4,Pcx,Slc5a3,Hspa4l,Mrps6,Mier3,Akr1b3,Dnm3,Gramd1b,Tmcc3,Fut9,Shroom3,Neat1,Me1,2210408F21Rik,Agmo,Abcc4,Cobll1,Lncpint,Samd12,Esrrg,Tns3,Gm20275,Slc12a2,Tfdp2,Dtnb,Ptprj,Col4a5,Uvrag,Syne2,Lrba,Uty,Gpr39,4932438A13Rik,Itpr2,Lmo7,Apbb2
cluster_34:Pik3c2a,Mecom,Fam49b,Utrn,Malat1,Arl15,Egfr,Hnrnpr,Nbeal1,Ptpn13,Exoc6b,NA,NA,NA,NA,NA,NA,NA,NA,NA,NA,NA,NA,NA,NA,NA,NA,NA,NA,NA,NA,NA,NA,NA,NA,NA,NA,NA,NA,NA,NA,NA,NA,NA,NA,NA,NA,NA,NA,NA,NA,NA,NA,NA,NA,NA,NA,NA,NA,NA
cluster_35:NA,NA,NA,NA,NA,NA,NA,NA,NA,NA,NA,NA,NA,NA,NA,NA,NA,NA,NA,NA,NA,NA,NA,NA,NA,NA,NA,NA,NA,NA,NA,NA,NA,NA,NA,NA,NA,NA,NA,NA,NA,NA,NA,NA,NA,NA,NA,NA,NA,NA,NA,NA,NA,NA,NA,NA,NA,NA,NA,NA
cluster_36:NA,NA,NA,NA,NA,NA,NA,NA,NA,NA,NA,NA,NA,NA,NA,NA,NA,NA,NA,NA,NA,NA,NA,NA,NA,NA,NA,NA,NA,NA,NA,NA,NA,NA,NA,NA,NA,NA,NA,NA,NA,NA,NA,NA,NA,NA,NA,NA,NA,NA,NA,NA,NA,NA,NA,NA,NA,NA,NA,NA
cluster_37:NA,NA,NA,NA,NA,NA,NA,NA,NA,NA,NA,NA,NA,NA,NA,NA,NA,NA,NA,NA,NA,NA,NA,NA,NA,NA,NA,NA,NA,NA,NA,NA,NA,NA,NA,NA,NA,NA,NA,NA,NA,NA,NA,NA,NA,NA,NA,NA,NA,NA,NA,NA,NA,NA,NA,NA,NA,NA,NA,NA
